time,FLOW,SALT,TEMP
2016-01-01 18:00:00,0.1,0,2
2016-01-02 18:00:00,0.1,0,2
2016-01-03 18:00:00,0.1,0,2
2016-01-04 18:00:00,0.1,0,2
2016-01-05 18:00:00,0.1,0,2
2016-01-06 18:00:00,0.1,0,2
2016-01-07 18:00:00,0.1,0,2
2016-01-08 18:00:00,0.1,0,2
2016-01-09 18:00:00,0.1,0,2
2016-01-10 18:00:00,0.1,0,2
2016-01-11 18:00:00,0.1,0,2
2016-01-12 18:00:00,0.1,0,2
2016-01-13 18:00:00,0.1,0,2
2016-01-14 18:00:00,0.1,0,2
2016-01-15 18:00:00,0.1,0,2
2016-01-16 18:00:00,0.1,0,2
2016-01-17 18:00:00,0.1,0,2
2016-01-18 18:00:00,0.1,0,2
2016-01-19 18:00:00,0.1,0,2
2016-01-20 18:00:00,0.1,0,2
2016-01-21 18:00:00,0.1,0,2
2016-01-22 18:00:00,0.1,0,2
2016-01-23 18:00:00,0.1,0,2
2016-01-24 18:00:00,0.1,0,2
2016-01-25 18:00:00,0.1,0,2
2016-01-26 18:00:00,0.1,0,2
2016-01-27 18:00:00,0.1,0,2
2016-01-28 18:00:00,0.1,0,2
2016-01-29 18:00:00,0.1,0,2
2016-01-30 18:00:00,0.1,0,2
2016-01-31 18:00:00,0.1,0,2
2016-02-01 18:00:00,0.1,0,2
2016-02-02 18:00:00,0.1,0,2
2016-02-03 18:00:00,0.1,0,2
2016-02-04 18:00:00,0.1,0,2
2016-02-05 18:00:00,0.1,0,2
2016-02-06 18:00:00,0.1,0,2
2016-02-07 18:00:00,0.1,0,2
2016-02-08 18:00:00,0.1,0,2
2016-02-09 18:00:00,0.1,0,2
2016-02-10 18:00:00,0.1,0,2
2016-02-11 18:00:00,0.1,0,2
2016-02-12 18:00:00,0.1,0,2
2016-02-13 18:00:00,0.1,0,2
2016-02-14 18:00:00,0.1,0,2
2016-02-15 18:00:00,0.1,0,2
2016-02-16 18:00:00,0.1,0,2
2016-02-17 18:00:00,0.1,0,2
2016-02-18 18:00:00,0.1,0,2
2016-02-19 18:00:00,0.1,0,2
2016-02-20 18:00:00,0.1,0,2
2016-02-21 18:00:00,0.1,0,2
2016-02-22 18:00:00,0.1,0,2
2016-02-23 18:00:00,0.1,0,2
2016-02-24 18:00:00,0.1,0,2
2016-02-25 18:00:00,0.1,0,2
2016-02-26 18:00:00,0.1,0,2
2016-02-27 18:00:00,0.1,0,2
2016-02-28 18:00:00,0.1,0,2
2016-02-29 18:00:00,0.1,0,2
2016-03-01 18:00:00,0.1,0,2
2016-03-02 18:00:00,0.1,0,2
2016-03-03 18:00:00,0.1,0,2
2016-03-04 18:00:00,0.1,0,2
2016-03-05 18:00:00,0.1,0,2
2016-03-06 18:00:00,0.1,0,2
2016-03-07 18:00:00,0.1,0,2
2016-03-08 18:00:00,0.1,0,2
2016-03-09 18:00:00,0.1,0,2
2016-03-10 18:00:00,0.1,0,2
2016-03-11 18:00:00,0.1,0,2
2016-03-12 18:00:00,0.1,0,2
2016-03-13 18:00:00,0.1,0,2
2016-03-14 18:00:00,0.1,0,2
2016-03-15 18:00:00,0.1,0,2
2016-03-16 18:00:00,0.1,0,2
2016-03-17 18:00:00,0.2,0,2
2016-03-18 18:00:00,0.2,0,2
2016-03-19 18:00:00,0.2,0,2
2016-03-20 18:00:00,0.2,0,2
2016-03-21 18:00:00,0.3,0,2
2016-03-22 18:00:00,0.3,0,2
2016-03-23 18:00:00,0.3,0,2
2016-03-24 18:00:00,0.3,0,2
2016-03-25 18:00:00,0.4,0,2
2016-03-26 18:00:00,0.4,0,2
2016-03-27 18:00:00,0.4,0,2
2016-03-28 18:00:00,0.4,0,2
2016-03-29 18:00:00,0.5,0,2
2016-03-30 18:00:00,0.5,0,2
2016-03-31 18:00:00,0.5,0,2
2016-04-01 18:00:00,0.5,0,2
2016-04-02 18:00:00,0.5,0,2
2016-04-03 18:00:00,0.5,0,2
2016-04-04 18:00:00,0.5,0,2
2016-04-05 18:00:00,0.5,0,2
2016-04-06 18:00:00,0.5,0,2
2016-04-07 18:00:00,0.5,0,2
2016-04-08 18:00:00,0.5,0,2
2016-04-09 18:00:00,0.5,0,2
2016-04-10 18:00:00,0.6,0,2
2016-04-11 18:00:00,0.6,0,2
2016-04-12 18:00:00,0.6,0,2
2016-04-13 18:00:00,0.7,0,2
2016-04-14 18:00:00,0.7,0,2
2016-04-15 18:00:00,0.7,0,2
2016-04-16 18:00:00,0.6,0,2
2016-04-17 18:00:00,0.5,0,2
2016-04-18 18:00:00,0.5,0,2
2016-04-19 18:00:00,0.4,0,2
2016-04-20 18:00:00,0.4,0,2
2016-04-21 18:00:00,0.4,0,2
2016-04-22 18:00:00,0.3,0,2
2016-04-23 18:00:00,0.3,0,2
2016-04-24 18:00:00,0.3,0,2
2016-04-25 18:00:00,0.3,0,2
2016-04-26 18:00:00,0.3,0,2
2016-04-27 18:00:00,0.4,0,2
2016-04-28 18:00:00,0.4,0,2
2016-04-29 18:00:00,0.4,0,2
2016-04-30 18:00:00,0.3,0,2
2016-05-01 18:00:00,0.3,0,2
2016-05-02 18:00:00,0.3,0,2
2016-05-03 18:00:00,0.3,0,2
2016-05-04 18:00:00,0.2,0,2
2016-05-05 18:00:00,0.2,0,2
2016-05-06 18:00:00,0.2,0,2
2016-05-07 18:00:00,0.3,0,2
2016-05-08 18:00:00,0.3,0,2
2016-05-09 18:00:00,0.3,0,2
2016-05-10 18:00:00,0.3,0,2
2016-05-11 18:00:00,0.3,0,2
2016-05-12 18:00:00,0.5,0,2
2016-05-13 18:00:00,0.7,0,2
2016-05-14 18:00:00,0.7,0,2
2016-05-15 18:00:00,0.7,0,2
2016-05-16 18:00:00,0.7,0,2
2016-05-17 18:00:00,0.7,0,2
2016-05-18 18:00:00,0.7,0,2
2016-05-19 18:00:00,0.7,0,2
2016-05-20 18:00:00,0.5,0,2
2016-05-21 18:00:00,0.6,0,2
2016-05-22 18:00:00,0.6,0,2
2016-05-23 18:00:00,0.6,0,2
2016-05-24 18:00:00,0.6,0,2
2016-05-25 18:00:00,1.1,0,2
2016-05-26 18:00:00,1.1,0,2
2016-05-27 18:00:00,1.1,0,2
2016-05-28 18:00:00,1.1,0,2
2016-05-29 18:00:00,1.1,0,2
2016-05-30 18:00:00,1.2,0,2
2016-05-31 18:00:00,1.2,0,2
2016-06-01 18:00:00,1.1,0,2
2016-06-02 18:00:00,1.1,0,2
2016-06-03 18:00:00,1.1,0,2
2016-06-04 18:00:00,1.1,0,2
2016-06-05 18:00:00,1.1,0,2
2016-06-06 18:00:00,1.3,0,2
2016-06-07 18:00:00,1.2,0,2
2016-06-08 18:00:00,1.1,0,2
2016-06-09 18:00:00,1.1,0,2
2016-06-10 18:00:00,1.1,0,2
2016-06-11 18:00:00,1.1,0,2
2016-06-12 18:00:00,1.1,0,2
2016-06-13 18:00:00,1.1,0,2
2016-06-14 18:00:00,1.1,0,2
2016-06-15 18:00:00,1,0,2
2016-06-16 18:00:00,1,0,2
2016-06-17 18:00:00,0.4,0,2
2016-06-18 18:00:00,0.4,0,2
2016-06-19 18:00:00,0.4,0,2
2016-06-20 18:00:00,0.3,0,2
2016-06-21 18:00:00,0.3,0,2
2016-06-22 18:00:00,0.3,0,2
2016-06-23 18:00:00,0.3,0,2
2016-06-24 18:00:00,0.3,0,2
2016-06-25 18:00:00,0.4,0,2
2016-06-26 18:00:00,0.3,0,2
2016-06-27 18:00:00,0.3,0,2
2016-06-28 18:00:00,0.5,0,2
2016-06-29 18:00:00,1.1,0,2
2016-06-30 18:00:00,1.2,0,2
2016-07-01 18:00:00,1.1,0,2
2016-07-02 18:00:00,1,0,2
2016-07-03 18:00:00,0.4,0,2
2016-07-04 18:00:00,0.4,0,2
2016-07-05 18:00:00,0.4,0,2
2016-07-06 18:00:00,0.3,0,2
2016-07-07 18:00:00,0.3,0,2
2016-07-08 18:00:00,0.4,0,2
2016-07-09 18:00:00,0.4,0,2
2016-07-10 18:00:00,0.4,0,2
2016-07-11 18:00:00,0.4,0,2
2016-07-12 18:00:00,0.3,0,2
2016-07-13 18:00:00,0.3,0,2
2016-07-14 18:00:00,0.3,0,2
2016-07-15 18:00:00,0.3,0,2
2016-07-16 18:00:00,0.3,0,2
2016-07-17 18:00:00,0.2,0,2
2016-07-18 18:00:00,0.2,0,2
2016-07-19 18:00:00,0.2,0,2
2016-07-20 18:00:00,0.2,0,2
2016-07-21 18:00:00,0.2,0,2
2016-07-22 18:00:00,0.2,0,2
2016-07-23 18:00:00,0.2,0,2
2016-07-24 18:00:00,0.2,0,2
2016-07-25 18:00:00,0.2,0,2
2016-07-26 18:00:00,0.2,0,2
2016-07-27 18:00:00,0.2,0,2
2016-07-28 18:00:00,0.2,0,2
2016-07-29 18:00:00,0.2,0,2
2016-07-30 18:00:00,0.2,0,2
2016-07-31 18:00:00,0.2,0,2
2016-08-01 18:00:00,0.2,0,2
2016-08-02 18:00:00,0.2,0,2
2016-08-03 18:00:00,0.2,0,2
2016-08-04 18:00:00,0.2,0,2
2016-08-05 18:00:00,0.2,0,2
2016-08-06 18:00:00,0.3,0,2
2016-08-07 18:00:00,0.2,0,2
2016-08-08 18:00:00,0.2,0,2
2016-08-09 18:00:00,0.3,0,2
2016-08-10 18:00:00,1.2,0,2
2016-08-11 18:00:00,1.3,0,2
2016-08-12 18:00:00,1.2,0,2
2016-08-13 18:00:00,1.1,0,2
2016-08-14 18:00:00,1,0,2
2016-08-15 18:00:00,1,0,2
2016-08-16 18:00:00,1,0,2
2016-08-17 18:00:00,0.4,0,2
2016-08-18 18:00:00,0.4,0,2
2016-08-19 18:00:00,0.4,0,2
2016-08-20 18:00:00,0.4,0,2
2016-08-21 18:00:00,0.3,0,2
2016-08-22 18:00:00,0.3,0,2
2016-08-23 18:00:00,0.3,0,2
2016-08-24 18:00:00,0.3,0,2
2016-08-25 18:00:00,0.2,0,2
2016-08-26 18:00:00,0.4,0,2
2016-08-27 18:00:00,0.4,0,2
2016-08-28 18:00:00,0.3,0,2
2016-08-29 18:00:00,0.3,0,2
2016-08-30 18:00:00,0.3,0,2
2016-08-31 18:00:00,0.3,0,2
2016-09-01 18:00:00,0.3,0,2
2016-09-02 18:00:00,0.5,0,2
2016-09-03 18:00:00,1.1,0,2
2016-09-04 18:00:00,1.1,0,2
2016-09-05 18:00:00,1.1,0,2
2016-09-06 18:00:00,1.1,0,2
2016-09-07 18:00:00,0.5,0,2
2016-09-08 18:00:00,0.5,0,2
2016-09-09 18:00:00,1.1,0,2
2016-09-10 18:00:00,1.6,0,2
2016-09-11 18:00:00,1.6,0,2
2016-09-12 18:00:00,1.7,0,2
2016-09-13 18:00:00,1.7,0,2
2016-09-14 18:00:00,1.7,0,2
2016-09-15 18:00:00,1.6,0,2
2016-09-16 18:00:00,1.5,0,2
2016-09-17 18:00:00,1.5,0,2
2016-09-18 18:00:00,1.4,0,2
2016-09-19 18:00:00,1.3,0,2
2016-09-20 18:00:00,1.3,0,2
2016-09-21 18:00:00,1.2,0,2
2016-09-22 18:00:00,1.2,0,2
2016-09-23 18:00:00,1.1,0,2
2016-09-24 18:00:00,1.1,0,2
2016-09-25 18:00:00,1.1,0,2
2016-09-26 18:00:00,1,0,2
2016-09-27 18:00:00,0.5,0,2
2016-09-28 18:00:00,0.5,0,2
2016-09-29 18:00:00,0.4,0,2
2016-09-30 18:00:00,0.4,0,2
2016-10-01 18:00:00,0.4,0,2
2016-10-02 18:00:00,0.4,0,2
2016-10-03 18:00:00,0.4,0,2
2016-10-04 18:00:00,0.3,0,2
2016-10-05 18:00:00,0.3,0,2
2016-10-06 18:00:00,0.3,0,2
2016-10-07 18:00:00,0.3,0,2
2016-10-08 18:00:00,0.3,0,2
2016-10-09 18:00:00,0.3,0,2
2016-10-10 18:00:00,0.3,0,2
2016-10-11 18:00:00,0.3,0,2
2016-10-12 18:00:00,0.3,0,2
2016-10-13 18:00:00,0.3,0,2
2016-10-14 18:00:00,0.3,0,2
2016-10-15 18:00:00,0.2,0,2
2016-10-16 18:00:00,0.2,0,2
2016-10-17 18:00:00,0.2,0,2
2016-10-18 18:00:00,0.2,0,2
2016-10-19 18:00:00,0.2,0,2
2016-10-20 18:00:00,0.2,0,2
2016-10-21 18:00:00,0.2,0,2
2016-10-22 18:00:00,0.2,0,2
2016-10-23 18:00:00,0.2,0,2
2016-10-24 18:00:00,0.2,0,2
2016-10-25 18:00:00,0.2,0,2
2016-10-26 18:00:00,0.2,0,2
2016-10-27 18:00:00,0.2,0,2
2016-10-28 18:00:00,0.2,0,2
2016-10-29 18:00:00,0.2,0,2
2016-10-30 18:00:00,0.2,0,2
2016-10-31 18:00:00,0.2,0,2
2016-11-01 18:00:00,0.2,0,2
2016-11-02 18:00:00,0.2,0,2
2016-11-03 18:00:00,0.2,0,2
2016-11-04 18:00:00,0.2,0,2
2016-11-05 18:00:00,0.2,0,2
2016-11-06 18:00:00,0.2,0,2
2016-11-07 18:00:00,0.2,0,2
2016-11-08 18:00:00,0.2,0,2
2016-11-09 18:00:00,0.2,0,2
2016-11-10 18:00:00,0.2,0,2
2016-11-11 18:00:00,0.2,0,2
2016-11-12 18:00:00,0.2,0,2
2016-11-13 18:00:00,0.2,0,2
2016-11-14 18:00:00,0.2,0,2
2016-11-15 18:00:00,0.2,0,2
2016-11-16 18:00:00,0.1,0,2
2016-11-17 18:00:00,0.1,0,2
2016-11-18 18:00:00,0.1,0,2
2016-11-19 18:00:00,0.1,0,2
2016-11-20 18:00:00,0.1,0,2
2016-11-21 18:00:00,0.1,0,2
2016-11-22 18:00:00,0.1,0,2
2016-11-23 18:00:00,0.1,0,2
2016-11-24 18:00:00,0.1,0,2
2016-11-25 18:00:00,0.1,0,2
2016-11-26 18:00:00,0.1,0,2
2016-11-27 18:00:00,0.1,0,2
2016-11-28 18:00:00,0.1,0,2
2016-11-29 18:00:00,0.1,0,2
2016-11-30 18:00:00,0.1,0,2
2016-12-01 18:00:00,0.1,0,2
2016-12-02 18:00:00,0.1,0,2
2016-12-03 18:00:00,0.1,0,2
2016-12-04 18:00:00,0.1,0,2
2016-12-05 18:00:00,0.1,0,2
2016-12-06 18:00:00,0.1,0,2
2016-12-07 18:00:00,0.1,0,2
2016-12-08 18:00:00,0.1,0,2
2016-12-09 18:00:00,0.1,0,2
2016-12-10 18:00:00,0.1,0,2
2016-12-11 18:00:00,0.1,0,2
2016-12-12 18:00:00,0.1,0,2
2016-12-13 18:00:00,0.1,0,2
2016-12-14 18:00:00,0.1,0,2
2016-12-15 18:00:00,0.1,0,2
2016-12-16 18:00:00,0.1,0,2
2016-12-17 18:00:00,0.1,0,2
2016-12-18 18:00:00,0.1,0,2
2016-12-19 18:00:00,0.1,0,2
2016-12-20 18:00:00,0.1,0,2
2016-12-21 18:00:00,0.1,0,2
2016-12-22 18:00:00,0.1,0,2
2016-12-23 18:00:00,0.1,0,2
2016-12-24 18:00:00,0.1,0,2
2016-12-25 18:00:00,0.1,0,2
2016-12-26 18:00:00,0.1,0,2
2016-12-27 18:00:00,0.1,0,2
2016-12-28 18:00:00,0.1,0,2
2016-12-29 18:00:00,0.1,0,2
2016-12-30 18:00:00,0.1,0,2
2017-01-01 18:00:00,0.1,0,2
2017-01-02 18:00:00,0.1,0,2
2017-01-03 18:00:00,0.1,0,2
2017-01-04 18:00:00,0.1,0,2
2017-01-05 18:00:00,0.1,0,2
2017-01-06 18:00:00,0.1,0,2
2017-01-07 18:00:00,0.1,0,2
2017-01-08 18:00:00,0.1,0,2
2017-01-09 18:00:00,0.1,0,2
2017-01-10 18:00:00,0.1,0,2
2017-01-11 18:00:00,0.1,0,2
2017-01-12 18:00:00,0.1,0,2
2017-01-13 18:00:00,0.1,0,2
2017-01-14 18:00:00,0.1,0,2
2017-01-15 18:00:00,0.1,0,2
2017-01-16 18:00:00,0.1,0,2
2017-01-17 18:00:00,0.1,0,2
2017-01-18 18:00:00,0.1,0,2
2017-01-19 18:00:00,0.1,0,2
2017-01-20 18:00:00,0.1,0,2
2017-01-21 18:00:00,0.1,0,2
2017-01-22 18:00:00,0.1,0,2
2017-01-23 18:00:00,0.1,0,2
2017-01-24 18:00:00,0.1,0,2
2017-01-25 18:00:00,0.1,0,2
2017-01-26 18:00:00,0.1,0,2
2017-01-27 18:00:00,0.1,0,2
2017-01-28 18:00:00,0.1,0,2
2017-01-29 18:00:00,0.1,0,2
2017-01-30 18:00:00,0.1,0,2
2017-01-31 18:00:00,0.1,0,2
2017-02-01 18:00:00,0.2,0,2
2017-02-02 18:00:00,0.2,0,2
2017-02-03 18:00:00,0.2,0,2
2017-02-04 18:00:00,0.2,0,2
2017-02-05 18:00:00,0.2,0,2
2017-02-06 18:00:00,0.2,0,2
2017-02-07 18:00:00,0.2,0,2
2017-02-08 18:00:00,0.2,0,2
2017-02-09 18:00:00,0.2,0,2
2017-02-10 18:00:00,0.2,0,2
2017-02-11 18:00:00,0.2,0,2
2017-02-12 18:00:00,0.2,0,2
2017-02-13 18:00:00,0.2,0,2
2017-02-14 18:00:00,0.2,0,2
2017-02-15 18:00:00,0.2,0,2
2017-02-16 18:00:00,0.2,0,2
2017-02-17 18:00:00,0.2,0,2
2017-02-18 18:00:00,0.2,0,2
2017-02-19 18:00:00,0.2,0,2
2017-02-20 18:00:00,0.2,0,2
2017-02-21 18:00:00,0.2,0,2
2017-02-22 18:00:00,0.2,0,2
2017-02-23 18:00:00,0.2,0,2
2017-02-24 18:00:00,0.2,0,2
2017-02-25 18:00:00,0.2,0,2
2017-02-26 18:00:00,0.2,0,2
2017-02-27 18:00:00,0.2,0,2
2017-02-28 18:00:00,0.2,0,2
2017-03-01 18:00:00,0.2,0,2
2017-03-02 18:00:00,0.2,0,2
2017-03-03 18:00:00,0.2,0,2
2017-03-04 18:00:00,0.2,0,2
2017-03-05 18:00:00,0.2,0,2
2017-03-06 18:00:00,0.2,0,2
2017-03-07 18:00:00,0.2,0,2
2017-03-08 18:00:00,0.2,0,2
2017-03-09 18:00:00,0.2,0,2
2017-03-10 18:00:00,0.2,0,2
2017-03-11 18:00:00,0.2,0,2
2017-03-12 17:00:00,0.2,0,2
2017-03-13 17:00:00,0.2,0,2
2017-03-14 17:00:00,0.2,0,2
2017-03-15 17:00:00,0.2,0,2
2017-03-16 17:00:00,0.2,0,2
2017-03-17 17:00:00,0.2,0,2
2017-03-18 17:00:00,0.3,0,2
2017-03-19 17:00:00,0.3,0,2
2017-03-20 17:00:00,0.3,0,2
2017-03-21 17:00:00,0.3,0,2
2017-03-22 17:00:00,0.3,0,2
2017-03-23 17:00:00,0.3,0,2
2017-03-24 17:00:00,0.3,0,2
2017-03-25 17:00:00,0.3,0,2
2017-03-26 17:00:00,0.3,0,2
2017-03-27 17:00:00,0.3,0,2
2017-03-28 17:00:00,0.3,0,2
2017-03-29 17:00:00,0.3,0,2
2017-03-30 17:00:00,0.3,0,2
2017-03-31 17:00:00,0.4,0,2
2017-04-01 17:00:00,0.4,0,2
2017-04-02 17:00:00,0.5,0,2
2017-04-03 17:00:00,0.5,0,2
2017-04-04 17:00:00,0.5,0,2
2017-04-05 17:00:00,0.5,0,2
2017-04-06 17:00:00,0.5,0,2
2017-04-07 17:00:00,0.6,0,2
2017-04-08 17:00:00,0.7,0,2
2017-04-09 17:00:00,0.8,0,2
2017-04-10 17:00:00,0.9,0,2
2017-04-11 17:00:00,1,0,2
2017-04-12 17:00:00,1,0,2
2017-04-13 17:00:00,1.1,0,2
2017-04-14 17:00:00,1.1,0,2
2017-04-15 17:00:00,1.1,0,2
2017-04-16 17:00:00,1.2,0,2
2017-04-17 17:00:00,1.4,0,2
2017-04-18 17:00:00,1.4,0,2
2017-04-19 17:00:00,1.3,0,2
2017-04-20 17:00:00,1.3,0,2
2017-04-21 17:00:00,1.3,0,2
2017-04-22 17:00:00,1.2,0,2
2017-04-23 17:00:00,1.3,0,2
2017-04-24 17:00:00,1.3,0,2
2017-04-25 17:00:00,1.3,0,2
2017-04-26 17:00:00,1.4,0,2
2017-04-27 17:00:00,1.9,0,2
2017-04-28 17:00:00,1.9,0,2
2017-04-29 17:00:00,1.9,0,2
2017-04-30 17:00:00,2,0,2
2017-05-01 17:00:00,2.1,0,2
2017-05-02 17:00:00,2,0,2
2017-05-03 17:00:00,2,0,2
2017-05-04 17:00:00,2,0,2
2017-05-05 17:00:00,2.1,0,2
2017-05-06 17:00:00,2.1,0,2
2017-05-07 17:00:00,2.2,0,2
2017-05-08 17:00:00,2.1,0,2
2017-05-09 17:00:00,2.1,0,2
2017-05-10 17:00:00,2.1,0,2
2017-05-11 17:00:00,2,0,2
2017-05-12 17:00:00,2,0,2
2017-05-13 17:00:00,1.9,0,2
2017-05-14 17:00:00,1.9,0,2
2017-05-15 17:00:00,1.9,0,2
2017-05-16 17:00:00,1.8,0,2
2017-05-17 17:00:00,1.7,0,2
2017-05-18 17:00:00,1.7,0,2
2017-05-19 17:00:00,1.7,0,2
2017-05-20 17:00:00,1.7,0,2
2017-05-21 17:00:00,1.7,0,2
2017-05-22 17:00:00,1.7,0,2
2017-05-23 17:00:00,1.6,0,2
2017-05-24 17:00:00,1.6,0,2
2017-05-25 17:00:00,1.6,0,2
2017-05-26 17:00:00,1.6,0,2
2017-05-27 17:00:00,1.6,0,2
2017-05-28 17:00:00,1.6,0,2
2017-05-29 17:00:00,1.6,0,2
2017-05-30 17:00:00,1.7,0,2
2017-05-31 17:00:00,1.7,0,2
2017-06-01 17:00:00,1.7,0,2
2017-06-02 17:00:00,1.6,0,2
2017-06-03 17:00:00,1.6,0,2
2017-06-04 17:00:00,1.5,0,2
2017-06-05 17:00:00,1.5,0,2
2017-06-06 17:00:00,1.5,0,2
2017-06-07 17:00:00,1.5,0,2
2017-06-08 17:00:00,1.4,0,2
2017-06-09 17:00:00,1.4,0,2
2017-06-10 17:00:00,1.4,0,2
2017-06-11 17:00:00,1.4,0,2
2017-06-12 17:00:00,1.4,0,2
2017-06-13 17:00:00,1.4,0,2
2017-06-14 17:00:00,1.4,0,2
2017-06-15 17:00:00,1.4,0,2
2017-06-16 17:00:00,1.3,0,2
2017-06-17 17:00:00,1.3,0,2
2017-06-18 17:00:00,1.3,0,2
2017-06-19 17:00:00,1.2,0,2
2017-06-20 17:00:00,1.2,0,2
2017-06-21 17:00:00,1.2,0,2
2017-06-22 17:00:00,1.1,0,2
2017-06-23 17:00:00,1.1,0,2
2017-06-24 17:00:00,1,0,2
2017-06-25 17:00:00,1,0,2
2017-06-26 17:00:00,0.9,0,2
2017-06-27 17:00:00,0.9,0,2
2017-06-28 17:00:00,0.9,0,2
2017-06-29 17:00:00,0.3,0,2
2017-06-30 17:00:00,0.3,0,2
2017-07-01 17:00:00,0.3,0,2
2017-07-02 17:00:00,0.3,0,2
2017-07-03 17:00:00,0.3,0,2
2017-07-04 17:00:00,0.3,0,2
2017-07-05 17:00:00,0.3,0,2
2017-07-06 17:00:00,0.3,0,2
2017-07-07 17:00:00,0.3,0,2
2017-07-08 17:00:00,0.2,0,2
2017-07-09 17:00:00,0.2,0,2
2017-07-10 17:00:00,0.2,0,2
2017-07-11 17:00:00,0.2,0,2
2017-07-12 17:00:00,0.2,0,2
2017-07-13 17:00:00,0.2,0,2
2017-07-14 17:00:00,0.2,0,2
2017-07-15 17:00:00,0.2,0,2
2017-07-16 17:00:00,0.3,0,2
2017-07-17 17:00:00,0.3,0,2
2017-07-18 17:00:00,0.3,0,2
2017-07-19 17:00:00,0.2,0,2
2017-07-20 17:00:00,0.2,0,2
2017-07-21 17:00:00,0.2,0,2
2017-07-22 17:00:00,0.3,0,2
2017-07-23 17:00:00,0.4,0,2
2017-07-24 17:00:00,0.3,0,2
2017-07-25 17:00:00,0.3,0,2
2017-07-26 17:00:00,0.3,0,2
2017-07-27 17:00:00,0.2,0,2
2017-07-28 17:00:00,0.2,0,2
2017-07-29 17:00:00,0.2,0,2
2017-07-30 17:00:00,0.2,0,2
2017-07-31 17:00:00,0.2,0,2
2017-08-01 17:00:00,0.2,0,2
2017-08-02 17:00:00,0.2,0,2
2017-08-03 17:00:00,0.2,0,2
2017-08-04 17:00:00,0.2,0,2
2017-08-05 17:00:00,0.1,0,2
2017-08-06 17:00:00,0.1,0,2
2017-08-07 17:00:00,0.2,0,2
2017-08-08 17:00:00,0.2,0,2
2017-08-09 17:00:00,0.1,0,2
2017-08-10 17:00:00,0.1,0,2
2017-08-11 17:00:00,0.1,0,2
2017-08-12 17:00:00,0.1,0,2
2017-08-13 17:00:00,0.1,0,2
2017-08-14 17:00:00,0.1,0,2
2017-08-15 17:00:00,0.1,0,2
2017-08-16 17:00:00,0.1,0,2
2017-08-17 17:00:00,0.1,0,2
2017-08-18 17:00:00,0.1,0,2
2017-08-19 17:00:00,0.1,0,2
2017-08-20 17:00:00,0.1,0,2
2017-08-21 17:00:00,0.1,0,2
2017-08-22 17:00:00,0.1,0,2
2017-08-23 17:00:00,0.1,0,2
2017-08-24 17:00:00,0.1,0,2
2017-08-25 17:00:00,0.1,0,2
2017-08-26 17:00:00,0.3,0,2
2017-08-27 17:00:00,0.3,0,2
2017-08-28 17:00:00,0.2,0,2
2017-08-29 17:00:00,0.2,0,2
2017-08-30 17:00:00,0.1,0,2
2017-08-31 17:00:00,0.2,0,2
2017-09-01 17:00:00,0.6,0,2
2017-09-02 17:00:00,1.3,0,2
2017-09-03 17:00:00,1.3,0,2
2017-09-04 17:00:00,1.2,0,2
2017-09-05 17:00:00,1.1,0,2
2017-09-06 17:00:00,1,0,2
2017-09-07 17:00:00,1,0,2
2017-09-08 17:00:00,1,0,2
2017-09-09 17:00:00,0.9,0,2
2017-09-10 17:00:00,0.9,0,2
2017-09-11 17:00:00,0.3,0,2
2017-09-12 17:00:00,0.3,0,2
2017-09-13 17:00:00,0.3,0,2
2017-09-14 17:00:00,0.2,0,2
2017-09-15 17:00:00,0.2,0,2
2017-09-16 17:00:00,0.2,0,2
2017-09-17 17:00:00,0.2,0,2
2017-09-18 17:00:00,0.2,0,2
2017-09-19 17:00:00,0.2,0,2
2017-09-20 17:00:00,0.1,0,2
2017-09-21 17:00:00,0.1,0,2
2017-09-22 17:00:00,0.1,0,2
2017-09-23 17:00:00,0.1,0,2
2017-09-24 17:00:00,0.1,0,2
2017-09-25 17:00:00,0.1,0,2
2017-09-26 17:00:00,0.1,0,2
2017-09-27 17:00:00,0.1,0,2
2017-09-28 17:00:00,0.1,0,2
2017-09-29 17:00:00,0.1,0,2
2017-09-30 17:00:00,0.1,0,2
2017-10-01 17:00:00,0.1,0,2
2017-10-02 17:00:00,0.1,0,2
2017-10-03 17:00:00,0.1,0,2
2017-10-04 17:00:00,0.1,0,2
2017-10-05 17:00:00,0.1,0,2
2017-10-06 17:00:00,0.1,0,2
2017-10-07 17:00:00,0.1,0,2
2017-10-08 17:00:00,0.1,0,2
2017-10-09 17:00:00,0.1,0,2
2017-10-10 17:00:00,0.1,0,2
2017-10-11 17:00:00,0.1,0,2
2017-10-12 17:00:00,0.1,0,2
2017-10-13 17:00:00,0.1,0,2
2017-10-14 17:00:00,0.1,0,2
2017-10-15 17:00:00,0.1,0,2
2017-10-16 17:00:00,0.1,0,2
2017-10-17 17:00:00,0.1,0,2
2017-10-18 17:00:00,0.1,0,2
2017-10-19 17:00:00,0.1,0,2
2017-10-20 17:00:00,0.1,0,2
2017-10-21 17:00:00,0.1,0,2
2017-10-22 17:00:00,0.1,0,2
2017-10-23 17:00:00,0.1,0,2
2017-10-24 17:00:00,0.1,0,2
2017-10-25 17:00:00,0.1,0,2
2017-10-26 17:00:00,0.1,0,2
2017-10-27 17:00:00,0.1,0,2
2017-10-28 17:00:00,0.5,0,2
2017-10-29 17:00:00,1.8,0,2
2017-10-30 17:00:00,3.4,0,2
2017-10-31 17:00:00,4.5,0,2
2017-11-01 17:00:00,4.1,0,2
2017-11-02 17:00:00,3.7,0,2
2017-11-03 17:00:00,3.4,0,2
2017-11-04 17:00:00,3.1,0,2
2017-11-05 18:00:00,2.9,0,2
2017-11-06 18:00:00,2.8,0,2
2017-11-07 18:00:00,2.8,0,2
2017-11-08 18:00:00,2.8,0,2
2017-11-09 18:00:00,2.6,0,2
2017-11-10 18:00:00,2.4,0,2
2017-11-11 18:00:00,2.1,0,2
2017-11-12 18:00:00,1.9,0,2
2017-11-13 18:00:00,1.7,0,2
2017-11-14 18:00:00,1.6,0,2
2017-11-15 18:00:00,1.4,0,2
2017-11-16 18:00:00,1.3,0,2
2017-11-17 18:00:00,1.2,0,2
2017-11-18 18:00:00,1.1,0,2
2017-11-19 18:00:00,1.1,0,2
2017-11-20 18:00:00,1,0,2
2017-11-21 18:00:00,1,0,2
2017-11-22 18:00:00,0.9,0,2
2017-11-23 18:00:00,0.9,0,2
2017-11-24 18:00:00,0.3,0,2
2017-11-25 18:00:00,0.3,0,2
2017-11-26 18:00:00,0.3,0,2
2017-11-27 18:00:00,0.3,0,2
2017-11-28 18:00:00,0.2,0,2
2017-11-29 18:00:00,0.2,0,2
2017-11-30 18:00:00,0.2,0,2
2017-12-01 18:00:00,0.2,0,2
2017-12-02 18:00:00,0.2,0,2
2017-12-03 18:00:00,0.2,0,2
2017-12-04 18:00:00,0.2,0,2
2017-12-05 18:00:00,0.2,0,2
2017-12-06 18:00:00,0.2,0,2
2017-12-07 18:00:00,0.2,0,2
2017-12-08 18:00:00,0.1,0,2
2017-12-09 18:00:00,0.1,0,2
2017-12-10 18:00:00,0.1,0,2
2017-12-11 18:00:00,0.1,0,2
2017-12-12 18:00:00,0.1,0,2
2017-12-13 18:00:00,0.1,0,2
2017-12-14 18:00:00,0.1,0,2
2017-12-15 18:00:00,0.1,0,2
2017-12-16 18:00:00,0.1,0,2
2017-12-17 18:00:00,0.1,0,2
2017-12-18 18:00:00,0.1,0,2
2017-12-19 18:00:00,0.1,0,2
2017-12-20 18:00:00,0.1,0,2
2017-12-21 18:00:00,0.1,0,2
2017-12-22 18:00:00,0.1,0,2
2017-12-23 18:00:00,0.1,0,2
2017-12-24 18:00:00,0.1,0,2
2017-12-25 18:00:00,0.1,0,2
2017-12-26 18:00:00,0.1,0,2
2017-12-27 18:00:00,0.1,0,2
2017-12-28 18:00:00,0.1,0,2
2017-12-29 18:00:00,0.1,0,2
2017-12-30 18:00:00,0.1,0,2
2017-12-31 18:00:00,0.1,0,2
2018-01-01 18:00:00,0.1,0,2
2018-01-02 18:00:00,0.1,0,2
2018-01-03 18:00:00,0.1,0,2
2018-01-04 18:00:00,0.1,0,2
2018-01-05 18:00:00,0.1,0,2
2018-01-06 18:00:00,0.1,0,2
2018-01-07 18:00:00,0.1,0,2
2018-01-08 18:00:00,0.1,0,2
2018-01-09 18:00:00,0.1,0,2
2018-01-10 18:00:00,0.1,0,2
2018-01-11 18:00:00,0.1,0,2
2018-01-12 18:00:00,0.1,0,2
2018-01-13 18:00:00,0.1,0,2
2018-01-14 18:00:00,0.1,0,2
2018-01-15 18:00:00,0.1,0,2
2018-01-16 18:00:00,0.1,0,2
2018-01-17 18:00:00,0.1,0,2
2018-01-18 18:00:00,0.1,0,2
2018-01-19 18:00:00,0.1,0,2
2018-01-20 18:00:00,0.1,0,2
2018-01-21 18:00:00,0.1,0,2
2018-01-22 18:00:00,0.1,0,2
2018-01-23 18:00:00,0.1,0,2
2018-01-24 18:00:00,0.1,0,2
2018-01-25 18:00:00,0.1,0,2
2018-01-26 18:00:00,0.1,0,2
2018-01-27 18:00:00,0.1,0,2
2018-01-28 18:00:00,0.1,0,2
2018-01-29 18:00:00,0.1,0,2
2018-01-30 18:00:00,0.1,0,2
2018-01-31 18:00:00,0.1,0,2
2018-02-01 18:00:00,0.2,0,2
2018-02-02 18:00:00,0.2,0,2
2018-02-03 18:00:00,0.2,0,2
2018-02-04 18:00:00,0.2,0,2
2018-02-05 18:00:00,0.2,0,2
2018-02-06 18:00:00,0.2,0,2
2018-02-07 18:00:00,0.2,0,2
2018-02-08 18:00:00,0.2,0,2
2018-02-09 18:00:00,0.2,0,2
2018-02-10 18:00:00,0.2,0,2
2018-02-11 18:00:00,0.2,0,2
2018-02-12 18:00:00,0.2,0,2
2018-02-13 18:00:00,0.2,0,2
2018-02-14 18:00:00,0.2,0,2
2018-02-15 18:00:00,0.2,0,2
2018-02-16 18:00:00,0.2,0,2
2018-02-17 18:00:00,0.2,0,2
2018-02-18 18:00:00,0.2,0,2
2018-02-19 18:00:00,0.2,0,2
2018-02-20 18:00:00,0.2,0,2
2018-02-21 18:00:00,0.2,0,2
2018-02-22 18:00:00,0.2,0,2
2018-02-23 18:00:00,0.2,0,2
2018-02-24 18:00:00,0.2,0,2
2018-02-25 18:00:00,0.2,0,2
2018-02-26 18:00:00,0.2,0,2
2018-02-27 18:00:00,0.2,0,2
2018-02-28 18:00:00,0.2,0,2
2018-03-01 18:00:00,0.2,0,2
2018-03-02 18:00:00,0.2,0,2
2018-03-03 18:00:00,0.2,0,2
2018-03-04 18:00:00,0.2,0,2
2018-03-05 18:00:00,0.2,0,2
2018-03-06 18:00:00,0.2,0,2
2018-03-07 18:00:00,0.2,0,2
2018-03-08 18:00:00,0.2,0,2
2018-03-09 18:00:00,0.2,0,2
2018-03-10 18:00:00,0.2,0,2
2018-03-11 17:00:00,0.2,0,2
2018-03-12 17:00:00,0.2,0,2
2018-03-13 17:00:00,0.2,0,2
2018-03-14 17:00:00,0.2,0,2
2018-03-15 17:00:00,0.2,0,2
2018-03-16 17:00:00,0.2,0,2
2018-03-17 17:00:00,0.2,0,2
2018-03-18 17:00:00,0.3,0,2
2018-03-19 17:00:00,0.3,0,2
2018-03-20 17:00:00,0.3,0,2
2018-03-21 17:00:00,0.3,0,2
2018-03-22 17:00:00,0.3,0,2
2018-03-23 17:00:00,0.3,0,2
2018-03-24 17:00:00,0.3,0,2
2018-03-25 17:00:00,0.3,0,2
2018-03-26 17:00:00,0.3,0,2
2018-03-27 17:00:00,0.3,0,2
2018-03-28 17:00:00,0.3,0,2
2018-03-29 17:00:00,0.3,0,2
2018-03-30 17:00:00,0.3,0,2
2018-03-31 17:00:00,0.4,0,2
2018-04-01 17:00:00,0.4,0,2
2018-04-02 17:00:00,0.5,0,2
2018-04-03 17:00:00,0.5,0,2
2018-04-04 17:00:00,0.5,0,2
2018-04-05 17:00:00,0.5,0,2
2018-04-06 17:00:00,0.5,0,2
2018-04-07 17:00:00,0.6,0,2
2018-04-08 17:00:00,0.7,0,2
2018-04-09 17:00:00,0.8,0,2
2018-04-10 17:00:00,0.9,0,2
2018-04-11 17:00:00,1,0,2
2018-04-12 17:00:00,1,0,2
2018-04-13 17:00:00,1.1,0,2
2018-04-14 17:00:00,1.1,0,2
2018-04-15 17:00:00,1.1,0,2
2018-04-16 17:00:00,1.2,0,2
2018-04-17 17:00:00,1.4,0,2
2018-04-18 17:00:00,1.4,0,2
2018-04-19 17:00:00,1.3,0,2
2018-04-20 17:00:00,1.3,0,2
2018-04-21 17:00:00,1.3,0,2
2018-04-22 17:00:00,1.2,0,2
2018-04-23 17:00:00,1.3,0,2
2018-04-24 17:00:00,1.3,0,2
2018-04-25 17:00:00,1.3,0,2
2018-04-26 17:00:00,1.4,0,2
2018-04-27 17:00:00,1.9,0,2
2018-04-28 17:00:00,1.9,0,2
2018-04-29 17:00:00,1.9,0,2
2018-04-30 17:00:00,2,0,2
2018-05-01 17:00:00,2.1,0,2
2018-05-02 17:00:00,2,0,2
2018-05-03 17:00:00,2,0,2
2018-05-04 17:00:00,2,0,2
2018-05-05 17:00:00,2.1,0,2
2018-05-06 17:00:00,2.1,0,2
2018-05-07 17:00:00,2.2,0,2
2018-05-08 17:00:00,2.1,0,2
2018-05-09 17:00:00,2.1,0,2
2018-05-10 17:00:00,2.1,0,2
2018-05-11 17:00:00,2,0,2
2018-05-12 17:00:00,2,0,2
2018-05-13 17:00:00,1.9,0,2
2018-05-14 17:00:00,1.9,0,2
2018-05-15 17:00:00,1.9,0,2
2018-05-16 17:00:00,1.8,0,2
2018-05-17 17:00:00,1.7,0,2
2018-05-18 17:00:00,1.7,0,2
2018-05-19 17:00:00,1.7,0,2
2018-05-20 17:00:00,1.7,0,2
2018-05-21 17:00:00,1.7,0,2
2018-05-22 17:00:00,1.7,0,2
2018-05-23 17:00:00,1.6,0,2
2018-05-24 17:00:00,1.6,0,2
2018-05-25 17:00:00,1.6,0,2
2018-05-26 17:00:00,1.6,0,2
2018-05-27 17:00:00,1.6,0,2
2018-05-28 17:00:00,1.6,0,2
2018-05-29 17:00:00,1.6,0,2
2018-05-30 17:00:00,1.7,0,2
2018-05-31 17:00:00,1.7,0,2
2018-06-01 17:00:00,1.7,0,2
2018-06-02 17:00:00,1.6,0,2
2018-06-03 17:00:00,1.6,0,2
2018-06-04 17:00:00,1.5,0,2
2018-06-05 17:00:00,1.5,0,2
2018-06-06 17:00:00,1.5,0,2
2018-06-07 17:00:00,1.5,0,2
2018-06-08 17:00:00,1.4,0,2
2018-06-09 17:00:00,1.4,0,2
2018-06-10 17:00:00,1.4,0,2
2018-06-11 17:00:00,1.4,0,2
2018-06-12 17:00:00,1.4,0,2
2018-06-13 17:00:00,1.4,0,2
2018-06-14 17:00:00,1.4,0,2
2018-06-15 17:00:00,1.4,0,2
2018-06-16 17:00:00,1.3,0,2
2018-06-17 17:00:00,1.3,0,2
2018-06-18 17:00:00,1.3,0,2
2018-06-19 17:00:00,1.2,0,2
2018-06-20 17:00:00,1.2,0,2
2018-06-21 17:00:00,1.2,0,2
2018-06-22 17:00:00,1.1,0,2
2018-06-23 17:00:00,1.1,0,2
2018-06-24 17:00:00,1,0,2
2018-06-25 17:00:00,1,0,2
2018-06-26 17:00:00,0.9,0,2
2018-06-27 17:00:00,0.9,0,2
2018-06-28 17:00:00,0.9,0,2
2018-06-29 17:00:00,0.3,0,2
2018-06-30 17:00:00,0.3,0,2
2018-07-01 17:00:00,0.3,0,2
2018-07-02 17:00:00,0.3,0,2
2018-07-03 17:00:00,0.3,0,2
2018-07-04 17:00:00,0.3,0,2
2018-07-05 17:00:00,0.3,0,2
2018-07-06 17:00:00,0.3,0,2
2018-07-07 17:00:00,0.3,0,2
2018-07-08 17:00:00,0.2,0,2
2018-07-09 17:00:00,0.2,0,2
2018-07-10 17:00:00,0.2,0,2
2018-07-11 17:00:00,0.2,0,2
2018-07-12 17:00:00,0.2,0,2
2018-07-13 17:00:00,0.2,0,2
2018-07-14 17:00:00,0.2,0,2
2018-07-15 17:00:00,0.2,0,2
2018-07-16 17:00:00,0.3,0,2
2018-07-17 17:00:00,0.3,0,2
2018-07-18 17:00:00,0.3,0,2
2018-07-19 17:00:00,0.2,0,2
2018-07-20 17:00:00,0.2,0,2
2018-07-21 17:00:00,0.2,0,2
2018-07-22 17:00:00,0.3,0,2
2018-07-23 17:00:00,0.4,0,2
2018-07-24 17:00:00,0.3,0,2
2018-07-25 17:00:00,0.3,0,2
2018-07-26 17:00:00,0.3,0,2
2018-07-27 17:00:00,0.2,0,2
2018-07-28 17:00:00,0.2,0,2
2018-07-29 17:00:00,0.2,0,2
2018-07-30 17:00:00,0.2,0,2
2018-07-31 17:00:00,0.2,0,2
2018-08-01 17:00:00,0.2,0,2
2018-08-02 17:00:00,0.2,0,2
2018-08-03 17:00:00,0.2,0,2
2018-08-04 17:00:00,0.2,0,2
2018-08-05 17:00:00,0.1,0,2
2018-08-06 17:00:00,0.1,0,2
2018-08-07 17:00:00,0.2,0,2
2018-08-08 17:00:00,0.2,0,2
2018-08-09 17:00:00,0.1,0,2
2018-08-10 17:00:00,0.1,0,2
2018-08-11 17:00:00,0.1,0,2
2018-08-12 17:00:00,0.1,0,2
2018-08-13 17:00:00,0.1,0,2
2018-08-14 17:00:00,0.1,0,2
2018-08-15 17:00:00,0.1,0,2
2018-08-16 17:00:00,0.1,0,2
2018-08-17 17:00:00,0.1,0,2
2018-08-18 17:00:00,0.1,0,2
2018-08-19 17:00:00,0.1,0,2
2018-08-20 17:00:00,0.1,0,2
2018-08-21 17:00:00,0.1,0,2
2018-08-22 17:00:00,0.1,0,2
2018-08-23 17:00:00,0.1,0,2
2018-08-24 17:00:00,0.1,0,2
2018-08-25 17:00:00,0.1,0,2
2018-08-26 17:00:00,0.3,0,2
2018-08-27 17:00:00,0.3,0,2
2018-08-28 17:00:00,0.2,0,2
2018-08-29 17:00:00,0.2,0,2
2018-08-30 17:00:00,0.1,0,2
2018-08-31 17:00:00,0.2,0,2
2018-09-01 17:00:00,0.6,0,2
2018-09-02 17:00:00,1.3,0,2
2018-09-03 17:00:00,1.3,0,2
2018-09-04 17:00:00,1.2,0,2
2018-09-05 17:00:00,1.1,0,2
2018-09-06 17:00:00,1,0,2
2018-09-07 17:00:00,1,0,2
2018-09-08 17:00:00,1,0,2
2018-09-09 17:00:00,0.9,0,2
2018-09-10 17:00:00,0.9,0,2
2018-09-11 17:00:00,0.3,0,2
2018-09-12 17:00:00,0.3,0,2
2018-09-13 17:00:00,0.3,0,2
2018-09-14 17:00:00,0.2,0,2
2018-09-15 17:00:00,0.2,0,2
2018-09-16 17:00:00,0.2,0,2
2018-09-17 17:00:00,0.2,0,2
2018-09-18 17:00:00,0.2,0,2
2018-09-19 17:00:00,0.2,0,2
2018-09-20 17:00:00,0.1,0,2
2018-09-21 17:00:00,0.1,0,2
2018-09-22 17:00:00,0.1,0,2
2018-09-23 17:00:00,0.1,0,2
2018-09-24 17:00:00,0.1,0,2
2018-09-25 17:00:00,0.1,0,2
2018-09-26 17:00:00,0.1,0,2
2018-09-27 17:00:00,0.1,0,2
2018-09-28 17:00:00,0.1,0,2
2018-09-29 17:00:00,0.1,0,2
2018-09-30 17:00:00,0.1,0,2
2018-10-01 17:00:00,0.1,0,2
2018-10-02 17:00:00,0.1,0,2
2018-10-03 17:00:00,0.1,0,2
2018-10-04 17:00:00,0.1,0,2
2018-10-05 17:00:00,0.1,0,2
2018-10-06 17:00:00,0.1,0,2
2018-10-07 17:00:00,0.1,0,2
2018-10-08 17:00:00,0.1,0,2
2018-10-09 17:00:00,0.1,0,2
2018-10-10 17:00:00,0.1,0,2
2018-10-11 17:00:00,0.1,0,2
2018-10-12 17:00:00,0.1,0,2
2018-10-13 17:00:00,0.1,0,2
2018-10-14 17:00:00,0.1,0,2
2018-10-15 17:00:00,0.1,0,2
2018-10-16 17:00:00,0.1,0,2
2018-10-17 17:00:00,0.1,0,2
2018-10-18 17:00:00,0.1,0,2
2018-10-19 17:00:00,0.1,0,2
2018-10-20 17:00:00,0.1,0,2
2018-10-21 17:00:00,0.1,0,2
2018-10-22 17:00:00,0.1,0,2
2018-10-23 17:00:00,0.1,0,2
2018-10-24 17:00:00,0.1,0,2
2018-10-25 17:00:00,0.1,0,2
2018-10-26 17:00:00,0.1,0,2
2018-10-27 17:00:00,0.1,0,2
2018-10-28 17:00:00,0.5,0,2
2018-10-29 17:00:00,1.8,0,2
2018-10-30 17:00:00,3.4,0,2
2018-10-31 17:00:00,4.5,0,2
2018-11-01 17:00:00,4.1,0,2
2018-11-02 17:00:00,3.7,0,2
2018-11-03 17:00:00,3.4,0,2
2018-11-04 18:00:00,3.1,0,2
2018-11-05 18:00:00,2.9,0,2
2018-11-06 18:00:00,2.8,0,2
2018-11-07 18:00:00,2.8,0,2
2018-11-08 18:00:00,2.8,0,2
2018-11-09 18:00:00,2.6,0,2
2018-11-10 18:00:00,2.4,0,2
2018-11-11 18:00:00,2.1,0,2
2018-11-12 18:00:00,1.9,0,2
2018-11-13 18:00:00,1.7,0,2
2018-11-14 18:00:00,1.6,0,2
2018-11-15 18:00:00,1.4,0,2
2018-11-16 18:00:00,1.3,0,2
2018-11-17 18:00:00,1.2,0,2
2018-11-18 18:00:00,1.1,0,2
2018-11-19 18:00:00,1.1,0,2
2018-11-20 18:00:00,1,0,2
2018-11-21 18:00:00,1,0,2
2018-11-22 18:00:00,0.9,0,2
2018-11-23 18:00:00,0.9,0,2
2018-11-24 18:00:00,0.3,0,2
2018-11-25 18:00:00,0.3,0,2
2018-11-26 18:00:00,0.3,0,2
2018-11-27 18:00:00,0.3,0,2
2018-11-28 18:00:00,0.2,0,2
2018-11-29 18:00:00,0.2,0,2
2018-11-30 18:00:00,0.2,0,2
2018-12-01 18:00:00,0.2,0,2
2018-12-02 18:00:00,0.2,0,2
2018-12-03 18:00:00,0.2,0,2
2018-12-04 18:00:00,0.2,0,2
2018-12-05 18:00:00,0.2,0,2
2018-12-06 18:00:00,0.2,0,2
2018-12-07 18:00:00,0.2,0,2
2018-12-08 18:00:00,0.1,0,2
2018-12-09 18:00:00,0.1,0,2
2018-12-10 18:00:00,0.1,0,2
2018-12-11 18:00:00,0.1,0,2
2018-12-12 18:00:00,0.1,0,2
2018-12-13 18:00:00,0.1,0,2
2018-12-14 18:00:00,0.1,0,2
2018-12-15 18:00:00,0.1,0,2
2018-12-16 18:00:00,0.1,0,2
2018-12-17 18:00:00,0.1,0,2
2018-12-18 18:00:00,0.1,0,2
2018-12-19 18:00:00,0.1,0,2
2018-12-20 18:00:00,0.1,0,2
2018-12-21 18:00:00,0.1,0,2
2018-12-22 18:00:00,0.1,0,2
2018-12-23 18:00:00,0.1,0,2
2018-12-24 18:00:00,0.1,0,2
2018-12-25 18:00:00,0.1,0,2
2018-12-26 18:00:00,0.1,0,2
2018-12-27 18:00:00,0.1,0,2
2018-12-28 18:00:00,0.1,0,2
2018-12-29 18:00:00,0.1,0,2
2018-12-30 18:00:00,0.1,0,2
2018-12-31 18:00:00,0.1,0,2
2019-01-01 18:00:00,0.1,0,2
2019-01-02 18:00:00,0.1,0,2
2019-01-03 18:00:00,0.1,0,2
2019-01-04 18:00:00,0.1,0,2
2019-01-05 18:00:00,0.1,0,2
2019-01-06 18:00:00,0.1,0,2
2019-01-07 18:00:00,0.1,0,2
2019-01-08 18:00:00,0.1,0,2
2019-01-09 18:00:00,0.1,0,2
2019-01-10 18:00:00,0.1,0,2
2019-01-11 18:00:00,0.1,0,2
2019-01-12 18:00:00,0.1,0,2
2019-01-13 18:00:00,0.1,0,2
2019-01-14 18:00:00,0.1,0,2
2019-01-15 18:00:00,0.1,0,2
2019-01-16 18:00:00,0.1,0,2
2019-01-17 18:00:00,0.1,0,2
2019-01-18 18:00:00,0.1,0,2
2019-01-19 18:00:00,0.1,0,2
2019-01-20 18:00:00,0.1,0,2
2019-01-21 18:00:00,0.1,0,2
2019-01-22 18:00:00,0.1,0,2
2019-01-23 18:00:00,0.1,0,2
2019-01-24 18:00:00,0.1,0,2
2019-01-25 18:00:00,0.1,0,2
2019-01-26 18:00:00,0.1,0,2
2019-01-27 18:00:00,0.1,0,2
2019-01-28 18:00:00,0.1,0,2
2019-01-29 18:00:00,0.1,0,2
2019-01-30 18:00:00,0.1,0,2
2019-01-31 18:00:00,0.1,0,2
2019-02-01 18:00:00,0.1,0,2
2019-02-02 18:00:00,0.1,0,2
2019-02-03 18:00:00,0.1,0,2
2019-02-04 18:00:00,0.1,0,2
2019-02-05 18:00:00,0.1,0,2
2019-02-06 18:00:00,0.1,0,2
2019-02-07 18:00:00,0.1,0,2
2019-02-08 18:00:00,0.1,0,2
2019-02-09 18:00:00,0.1,0,2
2019-02-10 18:00:00,0.1,0,2
2019-02-11 18:00:00,0.1,0,2
2019-02-12 18:00:00,0.1,0,2
2019-02-13 18:00:00,0.1,0,2
2019-02-14 18:00:00,0.1,0,2
2019-02-15 18:00:00,0.1,0,2
2019-02-16 18:00:00,0.1,0,2
2019-02-17 18:00:00,0.1,0,2
2019-02-18 18:00:00,0.1,0,2
2019-02-19 18:00:00,0.1,0,2
2019-02-20 18:00:00,0.1,0,2
2019-02-21 18:00:00,0.1,0,2
2019-02-22 18:00:00,0.1,0,2
2019-02-23 18:00:00,0.1,0,2
2019-02-24 18:00:00,0.1,0,2
2019-02-25 18:00:00,0.1,0,2
2019-02-26 18:00:00,0.1,0,2
2019-02-27 18:00:00,0.1,0,2
2019-02-28 18:00:00,0.1,0,2
2019-03-01 18:00:00,0.2,0,2
2019-03-02 18:00:00,0.2,0,2
2019-03-03 18:00:00,0.2,0,2
2019-03-04 18:00:00,0.2,0,2
2019-03-05 18:00:00,0.2,0,2
2019-03-06 18:00:00,0.2,0,2
2019-03-07 18:00:00,0.2,0,2
2019-03-08 18:00:00,0.2,0,2
2019-03-09 18:00:00,0.2,0,2
2019-03-10 17:00:00,0.2,0,2
2019-03-11 17:00:00,0.2,0,2
2019-03-12 17:00:00,0.2,0,2
2019-03-13 17:00:00,0.2,0,2
2019-03-14 17:00:00,0.2,0,2
2019-03-15 17:00:00,0.2,0,2
2019-03-16 17:00:00,0.2,0,2
2019-03-17 17:00:00,0.2,0,2
2019-03-18 17:00:00,0.2,0,2
2019-03-19 17:00:00,0.2,0,2
2019-03-20 17:00:00,0.2,0,2
2019-03-21 17:00:00,0.2,0,2
2019-03-22 17:00:00,0.2,0,2
2019-03-23 17:00:00,0.2,0,2
2019-03-24 17:00:00,0.2,0,2
2019-03-25 17:00:00,0.2,0,2
2019-03-26 17:00:00,0.3,0,2
2019-03-27 17:00:00,0.3,0,2
2019-03-28 17:00:00,0.3,0,2
2019-03-29 17:00:00,0.3,0,2
2019-03-30 17:00:00,0.3,0,2
2019-03-31 17:00:00,0.3,0,2
2019-04-01 17:00:00,0.3,0,2
2019-04-02 17:00:00,0.3,0,2
2019-04-03 17:00:00,0.3,0,2
2019-04-04 17:00:00,0.3,0,2
2019-04-05 17:00:00,0.4,0,2
2019-04-06 17:00:00,0.5,0,2
2019-04-07 17:00:00,0.5,0,2
2019-04-08 17:00:00,0.5,0,2
2019-04-09 17:00:00,0.6,0,2
2019-04-10 17:00:00,0.6,0,2
2019-04-11 17:00:00,0.8,0,2
2019-04-12 17:00:00,0.8,0,2
2019-04-13 17:00:00,0.7,0,2
2019-04-14 17:00:00,0.6,0,2
2019-04-15 17:00:00,0.6,0,2
2019-04-16 17:00:00,0.5,0,2
2019-04-17 17:00:00,0.5,0,2
2019-04-18 17:00:00,0.4,0,2
2019-04-19 17:00:00,0.4,0,2
2019-04-20 17:00:00,0.4,0,2
2019-04-21 17:00:00,0.4,0,2
2019-04-22 17:00:00,0.5,0,2
2019-04-23 17:00:00,0.5,0,2
2019-04-24 17:00:00,0.6,0,2
2019-04-25 17:00:00,0.8,0,2
2019-04-26 17:00:00,0.9,0,2
2019-04-27 17:00:00,1,0,2
2019-04-28 17:00:00,0.9,0,2
2019-04-29 17:00:00,0.8,0,2
2019-04-30 17:00:00,0.7,0,2
2019-05-01 17:00:00,0.6,0,2
2019-05-02 17:00:00,0.6,0,2
2019-05-03 17:00:00,0.6,0,2
2019-05-04 17:00:00,0.6,0,2
2019-05-05 17:00:00,0.6,0,2
2019-05-06 17:00:00,1.1,0,2
2019-05-07 17:00:00,1,0,2
2019-05-08 17:00:00,1,0,2
2019-05-09 17:00:00,1,0,2
2019-05-10 17:00:00,1,0,2
2019-05-11 17:00:00,1,0,2
2019-05-12 17:00:00,1.1,0,2
2019-05-13 17:00:00,1.1,0,2
2019-05-14 17:00:00,1.1,0,2
2019-05-15 17:00:00,1.1,0,2
2019-05-16 17:00:00,1,0,2
2019-05-17 17:00:00,1,0,2
2019-05-18 17:00:00,1,0,2
2019-05-19 17:00:00,1.1,0,2
2019-05-20 17:00:00,1.3,0,2
2019-05-21 17:00:00,1.4,0,2
2019-05-22 17:00:00,1.4,0,2
2019-05-23 17:00:00,1.4,0,2
2019-05-24 17:00:00,1.5,0,2
2019-05-25 17:00:00,1.6,0,2
2019-05-26 17:00:00,1.7,0,2
2019-05-27 17:00:00,1.7,0,2
2019-05-28 17:00:00,1.8,0,2
2019-05-29 17:00:00,1.9,0,2
2019-05-30 17:00:00,2,0,2
2019-05-31 17:00:00,2,0,2
2019-06-01 17:00:00,2,0,2
2019-06-02 17:00:00,2,0,2
2019-06-03 17:00:00,2.1,0,2
2019-06-04 17:00:00,2.1,0,2
2019-06-05 17:00:00,2.2,0,2
2019-06-06 17:00:00,2.2,0,2
2019-06-07 17:00:00,2.2,0,2
2019-06-08 17:00:00,2.2,0,2
2019-06-09 17:00:00,2.2,0,2
2019-06-10 17:00:00,2.1,0,2
2019-06-11 17:00:00,2.2,0,2
2019-06-12 17:00:00,2.1,0,2
2019-06-13 17:00:00,2.1,0,2
2019-06-14 17:00:00,2,0,2
2019-06-15 17:00:00,2,0,2
2019-06-16 17:00:00,1.9,0,2
2019-06-17 17:00:00,1.8,0,2
2019-06-18 17:00:00,1.8,0,2
2019-06-19 17:00:00,1.7,0,2
2019-06-20 17:00:00,1.7,0,2
2019-06-21 17:00:00,1.7,0,2
2019-06-22 17:00:00,1.6,0,2
2019-06-23 17:00:00,1.6,0,2
2019-06-24 17:00:00,1.6,0,2
2019-06-25 17:00:00,1.6,0,2
2019-06-26 17:00:00,1.5,0,2
2019-06-27 17:00:00,1.5,0,2
2019-06-28 17:00:00,1.5,0,2
2019-06-29 17:00:00,1.5,0,2
2019-06-30 17:00:00,1.5,0,2
2019-07-01 17:00:00,1.4,0,2
2019-07-02 17:00:00,1.4,0,2
2019-07-03 17:00:00,1.4,0,2
2019-07-04 17:00:00,1.3,0,2
2019-07-05 17:00:00,1.3,0,2
2019-07-06 17:00:00,1.3,0,2
2019-07-07 17:00:00,1.3,0,2
2019-07-08 17:00:00,1.2,0,2
2019-07-09 17:00:00,1.2,0,2
2019-07-10 17:00:00,1.1,0,2
2019-07-11 17:00:00,1.1,0,2
2019-07-12 17:00:00,1,0,2
2019-07-13 17:00:00,1,0,2
2019-07-14 17:00:00,1,0,2
2019-07-15 17:00:00,1,0,2
2019-07-16 17:00:00,1,0,2
2019-07-17 17:00:00,0.9,0,2
2019-07-18 17:00:00,1,0,2
2019-07-19 17:00:00,1,0,2
2019-07-20 17:00:00,0.9,0,2
2019-07-21 17:00:00,0.4,0,2
2019-07-22 17:00:00,0.3,0,2
2019-07-23 17:00:00,0.3,0,2
2019-07-24 17:00:00,0.3,0,2
2019-07-25 17:00:00,0.3,0,2
2019-07-26 17:00:00,0.3,0,2
2019-07-27 17:00:00,0.3,0,2
2019-07-28 17:00:00,0.3,0,2
2019-07-29 17:00:00,0.3,0,2
2019-07-30 17:00:00,0.3,0,2
2019-07-31 17:00:00,0.2,0,2
2019-08-01 17:00:00,0.2,0,2
2019-08-02 17:00:00,0.2,0,2
2019-08-03 17:00:00,0.3,0,2
2019-08-04 17:00:00,0.2,0,2
2019-08-05 17:00:00,0.2,0,2
2019-08-06 17:00:00,0.2,0,2
2019-08-07 17:00:00,0.3,0,2
2019-08-08 17:00:00,0.4,0,2
2019-08-09 17:00:00,0.3,0,2
2019-08-10 17:00:00,0.3,0,2
2019-08-11 17:00:00,0.3,0,2
2019-08-12 17:00:00,0.2,0,2
2019-08-13 17:00:00,0.2,0,2
2019-08-14 17:00:00,0.2,0,2
2019-08-15 17:00:00,0.2,0,2
2019-08-16 17:00:00,0.2,0,2
2019-08-17 17:00:00,0.2,0,2
2019-08-18 17:00:00,0.2,0,2
2019-08-19 17:00:00,0.2,0,2
2019-08-20 17:00:00,0.2,0,2
2019-08-21 17:00:00,0.2,0,2
2019-08-22 17:00:00,0.2,0,2
2019-08-23 17:00:00,0.1,0,2
2019-08-24 17:00:00,0.1,0,2
2019-08-25 17:00:00,0.2,0,2
2019-08-26 17:00:00,0.1,0,2
2019-08-27 17:00:00,0.1,0,2
2019-08-28 17:00:00,0.1,0,2
2019-08-29 17:00:00,0.1,0,2
2019-08-30 17:00:00,0.1,0,2
2019-08-31 17:00:00,0.1,0,2
2019-09-01 17:00:00,0.2,0,2
2019-09-02 17:00:00,0.2,0,2
2019-09-03 17:00:00,0.2,0,2
2019-09-04 17:00:00,0.2,0,2
2019-09-05 17:00:00,0.2,0,2
2019-09-06 17:00:00,0.2,0,2
2019-09-07 17:00:00,0.5,0,2
2019-09-08 17:00:00,1.1,0,2
2019-09-09 17:00:00,1.2,0,2
2019-09-10 17:00:00,1.2,0,2
2019-09-11 17:00:00,1.2,0,2
2019-09-12 17:00:00,1.1,0,2
2019-09-13 17:00:00,1,0,2
2019-09-14 17:00:00,1,0,2
2019-09-15 17:00:00,0.9,0,2
2019-09-16 17:00:00,0.4,0,2
2019-09-17 17:00:00,0.3,0,2
2019-09-18 17:00:00,0.3,0,2
2019-09-19 17:00:00,0.3,0,2
2019-09-20 17:00:00,0.2,0,2
2019-09-21 17:00:00,0.2,0,2
2019-09-22 17:00:00,0.2,0,2
2019-09-23 17:00:00,0.2,0,2
2019-09-24 17:00:00,0.2,0,2
2019-09-25 17:00:00,0.2,0,2
2019-09-26 17:00:00,0.2,0,2
2019-09-27 17:00:00,0.2,0,2
2019-09-28 17:00:00,0.2,0,2
2019-09-29 17:00:00,0.1,0,2
2019-09-30 17:00:00,0.1,0,2
2019-10-01 17:00:00,0.1,0,2
2019-10-02 17:00:00,0.1,0,2
2019-10-03 17:00:00,0.2,0,2
2019-10-04 17:00:00,0.1,0,2
2019-10-05 17:00:00,0.1,0,2
2019-10-06 17:00:00,0.1,0,2
2019-10-07 17:00:00,0.1,0,2
2019-10-08 17:00:00,0.1,0,2
2019-10-09 17:00:00,0.1,0,2
2019-10-10 17:00:00,0.1,0,2
2019-10-11 17:00:00,0.1,0,2
2019-10-12 17:00:00,0.1,0,2
2019-10-13 17:00:00,0.1,0,2
2019-10-14 17:00:00,0.1,0,2
2019-10-15 17:00:00,0.1,0,2
2019-10-16 17:00:00,0.2,0,2
2019-10-17 17:00:00,0.2,0,2
2019-10-18 17:00:00,0.2,0,2
2019-10-19 17:00:00,0.1,0,2
2019-10-20 17:00:00,0.2,0,2
2019-10-21 17:00:00,0.3,0,2
2019-10-22 17:00:00,0.4,0,2
2019-10-23 17:00:00,0.3,0,2
2019-10-24 17:00:00,0.3,0,2
2019-10-25 17:00:00,0.2,0,2
2019-10-26 17:00:00,0.2,0,2
2019-10-27 17:00:00,0.2,0,2
2019-10-28 17:00:00,0.2,0,2
2019-10-29 17:00:00,0.2,0,2
2019-10-30 17:00:00,0.2,0,2
2019-10-31 17:00:00,0.2,0,2
2019-11-01 17:00:00,0.1,0,2
2019-11-02 17:00:00,0.1,0,2
2019-11-03 18:00:00,0.2,0,2
2019-11-04 18:00:00,0.4,0,2
2019-11-05 18:00:00,0.5,0,2
2019-11-06 18:00:00,1.1,0,2
2019-11-07 18:00:00,1,0,2
2019-11-08 18:00:00,1,0,2
2019-11-09 18:00:00,0.9,0,2
2019-11-10 18:00:00,0.9,0,2
2019-11-11 18:00:00,0.9,0,2
2019-11-12 18:00:00,0.8,0,2
2019-11-13 18:00:00,0.8,0,2
2019-11-14 18:00:00,4.1,0,2
2019-11-15 18:00:00,0.7,0,2
2019-11-16 18:00:00,0.7,0,2
2019-11-17 18:00:00,0.2,0,2
2019-11-18 18:00:00,0.8,0,2
2019-11-19 18:00:00,0.7,0,2
2019-11-20 18:00:00,0.7,0,2
2019-11-21 18:00:00,0.7,0,2
2019-11-22 18:00:00,0.2,0,2
2019-11-23 18:00:00,0.2,0,2
2019-11-24 18:00:00,0.8,0,2
2019-11-25 18:00:00,0.8,0,2
2019-11-26 18:00:00,0.9,0,2
2019-11-27 18:00:00,0.9,0,2
2019-11-28 18:00:00,0.8,0,2
2019-11-29 18:00:00,0.8,0,2
2019-11-30 18:00:00,0.8,0,2
2019-12-01 18:00:00,0.8,0,2
2019-12-02 18:00:00,0.2,0,2
2019-12-03 18:00:00,0.2,0,2
2019-12-04 18:00:00,0.2,0,2
2019-12-05 18:00:00,0.2,0,2
2019-12-06 18:00:00,0.2,0,2
2019-12-07 18:00:00,0.2,0,2
2019-12-08 18:00:00,0.1,0,2
2019-12-09 18:00:00,0.1,0,2
2019-12-10 18:00:00,0.1,0,2
2019-12-11 18:00:00,0.1,0,2
2019-12-12 18:00:00,0.1,0,2
2019-12-13 18:00:00,0.1,0,2
2019-12-14 18:00:00,0.1,0,2
2019-12-15 18:00:00,0.1,0,2
2019-12-16 18:00:00,0.1,0,2
2019-12-17 18:00:00,0.1,0,2
2019-12-18 18:00:00,0.1,0,2
2019-12-19 18:00:00,0.1,0,2
2019-12-20 18:00:00,0.1,0,2
2019-12-21 18:00:00,0.1,0,2
2019-12-22 18:00:00,0.1,0,2
2019-12-23 18:00:00,0.1,0,2
2019-12-24 18:00:00,0.1,0,2
2019-12-25 18:00:00,0.1,0,2
2019-12-26 18:00:00,0.1,0,2
2019-12-27 18:00:00,0.1,0,2
2019-12-28 18:00:00,0.1,0,2
2019-12-29 18:00:00,0.1,0,2
2019-12-30 18:00:00,0.1,0,2
2019-12-31 18:00:00,0.1,0,2
2020-01-01 18:00:00,0.1,0,2
2020-01-02 18:00:00,0.1,0,2
2020-01-03 18:00:00,0.1,0,2
2020-01-04 18:00:00,0.1,0,2
2020-01-05 18:00:00,0.1,0,2
2020-01-06 18:00:00,0.1,0,2
2020-01-07 18:00:00,0.1,0,2
2020-01-08 18:00:00,0.1,0,2
2020-01-09 18:00:00,0.1,0,2
2020-01-10 18:00:00,0.1,0,2
2020-01-11 18:00:00,0.1,0,2
2020-01-12 18:00:00,0.1,0,2
2020-01-13 18:00:00,0.1,0,2
2020-01-14 18:00:00,0.1,0,2
2020-01-15 18:00:00,0.1,0,2
2020-01-16 18:00:00,0.1,0,2
2020-01-17 18:00:00,0.1,0,2
2020-01-18 18:00:00,0.1,0,2
2020-01-19 18:00:00,0.1,0,2
2020-01-20 18:00:00,0.1,0,2
2020-01-21 18:00:00,0.1,0,2
2020-01-22 18:00:00,0.1,0,2
2020-01-23 18:00:00,0.1,0,2
2020-01-24 18:00:00,0.1,0,2
2020-01-25 18:00:00,0.1,0,2
2020-01-26 18:00:00,0.1,0,2
2020-01-27 18:00:00,0.1,0,2
2020-01-28 18:00:00,0.1,0,2
2020-01-29 18:00:00,0.1,0,2
2020-01-30 18:00:00,0.1,0,2
2020-01-31 18:00:00,0.1,0,2
2020-02-01 18:00:00,0.1,0,2
2020-02-02 18:00:00,0.1,0,2
2020-02-03 18:00:00,0.1,0,2
2020-02-04 18:00:00,0.1,0,2
2020-02-05 18:00:00,0.1,0,2
2020-02-06 18:00:00,0.1,0,2
2020-02-07 18:00:00,0.1,0,2
2020-02-08 18:00:00,0.1,0,2
2020-02-09 18:00:00,0.1,0,2
2020-02-10 18:00:00,0.1,0,2
2020-02-11 18:00:00,0.1,0,2
2020-02-12 18:00:00,0.1,0,2
2020-02-13 18:00:00,0.1,0,2
2020-02-14 18:00:00,0.1,0,2
2020-02-15 18:00:00,0.1,0,2
2020-02-16 18:00:00,0.1,0,2
2020-02-17 18:00:00,0.1,0,2
2020-02-18 18:00:00,0.1,0,2
2020-02-19 18:00:00,0.1,0,2
2020-02-20 18:00:00,0.1,0,2
2020-02-21 18:00:00,0.1,0,2
2020-02-22 18:00:00,0.1,0,2
2020-02-23 18:00:00,0.1,0,2
2020-02-24 18:00:00,0.1,0,2
2020-02-25 18:00:00,0.1,0,2
2020-02-26 18:00:00,0.1,0,2
2020-02-27 18:00:00,0.1,0,2
2020-02-28 18:00:00,0.1,0,2
2020-02-29 18:00:00,0.1,0,2
2020-03-01 18:00:00,0.1,0,2
2020-03-02 18:00:00,0.1,0,2
2020-03-03 18:00:00,0.1,0,2
2020-03-04 18:00:00,0.1,0,2
2020-03-05 18:00:00,0.1,0,2
2020-03-06 18:00:00,0.1,0,2
2020-03-07 18:00:00,0.1,0,2
2020-03-08 17:00:00,0.1,0,2
2020-03-09 17:00:00,0.1,0,2
2020-03-10 17:00:00,0.1,0,2
2020-03-11 17:00:00,0.1,0,2
2020-03-12 17:00:00,0.1,0,2
2020-03-13 17:00:00,0.1,0,2
2020-03-14 17:00:00,0.1,0,2
2020-03-15 17:00:00,0.1,0,2
2020-03-16 17:00:00,0.1,0,2
2020-03-17 17:00:00,0.1,0,2
2020-03-18 17:00:00,0.1,0,2
2020-03-19 17:00:00,0.1,0,2
2020-03-20 17:00:00,0.1,0,2
2020-03-21 17:00:00,0.1,0,2
2020-03-22 17:00:00,0.1,0,2
2020-03-23 17:00:00,0.2,0,2
2020-03-24 17:00:00,0.2,0,2
2020-03-25 17:00:00,0.1,0,2
2020-03-26 17:00:00,0.1,0,2
2020-03-27 17:00:00,0.1,0,2
2020-03-28 17:00:00,0.1,0,2
2020-03-29 17:00:00,0.1,0,2
2020-03-30 17:00:00,0.1,0,2
2020-03-31 17:00:00,0.1,0,2
2020-04-01 17:00:00,0.1,0,2
2020-04-02 17:00:00,0.1,0,2
2020-04-03 17:00:00,0.1,0,2
2020-04-04 17:00:00,0.1,0,2
2020-04-05 17:00:00,0.1,0,2
2020-04-06 17:00:00,0.1,0,2
2020-04-07 17:00:00,0.1,0,2
2020-04-08 17:00:00,0.2,0,2
2020-04-09 17:00:00,0.2,0,2
2020-04-10 17:00:00,0.2,0,2
2020-04-11 17:00:00,0.3,0,2
2020-04-12 17:00:00,0.4,0,2
2020-04-13 17:00:00,0.5,0,2
2020-04-14 17:00:00,0.5,0,2
2020-04-15 17:00:00,0.5,0,2
2020-04-16 17:00:00,0.5,0,2
2020-04-17 17:00:00,0.5,0,2
2020-04-18 17:00:00,0.6,0,2
2020-04-19 17:00:00,0.7,0,2
2020-04-20 17:00:00,0.8,0,2
2020-04-21 17:00:00,0.9,0,2
2020-04-22 17:00:00,0.9,0,2
2020-04-23 17:00:00,1.4,0,2
2020-04-24 17:00:00,1.4,0,2
2020-04-25 17:00:00,1.4,0,2
2020-04-26 17:00:00,1.4,0,2
2020-04-27 17:00:00,1.5,0,2
2020-04-28 17:00:00,1.6,0,2
2020-04-29 17:00:00,1.6,0,2
2020-04-30 17:00:00,1.6,0,2
2020-05-01 17:00:00,1.6,0,2
2020-05-02 17:00:00,1.6,0,2
2020-05-03 17:00:00,1.6,0,2
2020-05-04 17:00:00,1.6,0,2
2020-05-05 17:00:00,1.6,0,2
2020-05-06 17:00:00,1.6,0,2
2020-05-07 17:00:00,1.6,0,2
2020-05-08 17:00:00,1.6,0,2
2020-05-09 17:00:00,1.7,0,2
2020-05-10 17:00:00,1.9,0,2
2020-05-11 17:00:00,1.8,0,2
2020-05-12 17:00:00,2,0,2
2020-05-13 17:00:00,2.1,0,2
2020-05-14 17:00:00,2.2,0,2
2020-05-15 17:00:00,2.3,0,2
2020-05-16 17:00:00,2.4,0,2
2020-05-17 17:00:00,2.4,0,2
2020-05-18 17:00:00,2.4,0,2
2020-05-19 17:00:00,2.4,0,2
2020-05-20 17:00:00,2.5,0,2
2020-05-21 17:00:00,2.5,0,2
2020-05-22 17:00:00,2.5,0,2
2020-05-23 17:00:00,2.4,0,2
2020-05-24 17:00:00,2.3,0,2
2020-05-25 17:00:00,2.2,0,2
2020-05-26 17:00:00,2.1,0,2
2020-05-27 17:00:00,1.9,0,2
2020-05-28 17:00:00,1.8,0,2
2020-05-29 17:00:00,1.7,0,2
2020-05-30 17:00:00,1.7,0,2
2020-05-31 17:00:00,1.5,0,2
2020-06-01 17:00:00,1.5,0,2
2020-06-02 17:00:00,1.5,0,2
2020-06-03 17:00:00,1.5,0,2
2020-06-04 17:00:00,1.5,0,2
2020-06-05 17:00:00,1.5,0,2
2020-06-06 17:00:00,1.5,0,2
2020-06-07 17:00:00,1.5,0,2
2020-06-08 17:00:00,1.7,0,2
2020-06-09 17:00:00,1.7,0,2
2020-06-10 17:00:00,1.8,0,2
2020-06-11 17:00:00,1.8,0,2
2020-06-12 17:00:00,1.8,0,2
2020-06-13 17:00:00,1.8,0,2
2020-06-14 17:00:00,1.8,0,2
2020-06-15 17:00:00,1.7,0,2
2020-06-16 17:00:00,1.7,0,2
2020-06-17 17:00:00,1.7,0,2
2020-06-18 17:00:00,1.6,0,2
2020-06-19 17:00:00,1.6,0,2
2020-06-20 17:00:00,1.5,0,2
2020-06-21 17:00:00,1.4,0,2
2020-06-22 17:00:00,1.4,0,2
2020-06-23 17:00:00,1.4,0,2
2020-06-24 17:00:00,1.4,0,2
2020-06-25 17:00:00,1.4,0,2
2020-06-26 17:00:00,1.3,0,2
2020-06-27 17:00:00,1.3,0,2
2020-06-28 17:00:00,1.3,0,2
2020-06-29 17:00:00,1.3,0,2
2020-06-30 17:00:00,1.2,0,2
2020-07-01 17:00:00,1.2,0,2
2020-07-02 17:00:00,1.2,0,2
2020-07-03 17:00:00,1.2,0,2
2020-07-04 17:00:00,1.2,0,2
2020-07-05 17:00:00,1.1,0,2
2020-07-06 17:00:00,1.1,0,2
2020-07-07 17:00:00,1.1,0,2
2020-07-08 17:00:00,1,0,2
2020-07-09 17:00:00,1,0,2
2020-07-10 17:00:00,1,0,2
2020-07-11 17:00:00,1,0,2
2020-07-12 17:00:00,1,0,2
2020-07-13 17:00:00,0.9,0,2
2020-07-14 17:00:00,0.9,0,2
2020-07-15 17:00:00,0.9,0,2
2020-07-16 17:00:00,0.9,0,2
2020-07-17 17:00:00,0.9,0,2
2020-07-18 17:00:00,0.3,0,2
2020-07-19 17:00:00,0.3,0,2
2020-07-20 17:00:00,0.3,0,2
2020-07-21 17:00:00,0.3,0,2
2020-07-22 17:00:00,0.3,0,2
2020-07-23 17:00:00,0.3,0,2
2020-07-24 17:00:00,0.3,0,2
2020-07-25 17:00:00,0.9,0,2
2020-07-26 17:00:00,0.9,0,2
2020-07-27 17:00:00,0.3,0,2
2020-07-28 17:00:00,0.3,0,2
2020-07-29 17:00:00,0.3,0,2
2020-07-30 17:00:00,0.3,0,2
2020-07-31 17:00:00,0.3,0,2
2020-08-01 17:00:00,0.3,0,2
2020-08-02 17:00:00,0.2,0,2
2020-08-03 17:00:00,0.3,0,2
2020-08-04 17:00:00,1,0,2
2020-08-05 17:00:00,1.1,0,2
2020-08-06 17:00:00,1,0,2
2020-08-07 17:00:00,0.9,0,2
2020-08-08 17:00:00,0.9,0,2
2020-08-09 17:00:00,0.3,0,2
2020-08-10 17:00:00,0.3,0,2
2020-08-11 17:00:00,0.3,0,2
2020-08-12 17:00:00,0.3,0,2
2020-08-13 17:00:00,0.3,0,2
2020-08-14 17:00:00,0.3,0,2
2020-08-15 17:00:00,0.4,0,2
2020-08-16 17:00:00,0.3,0,2
2020-08-17 17:00:00,0.3,0,2
2020-08-18 17:00:00,0.3,0,2
2020-08-19 17:00:00,0.3,0,2
2020-08-20 17:00:00,0.2,0,2
2020-08-21 17:00:00,0.2,0,2
2020-08-22 17:00:00,0.2,0,2
2020-08-23 17:00:00,0.3,0,2
2020-08-24 17:00:00,0.2,0,2
2020-08-25 17:00:00,0.2,0,2
2020-08-26 17:00:00,0.2,0,2
2020-08-27 17:00:00,0.2,0,2
2020-08-28 17:00:00,0.2,0,2
2020-08-29 17:00:00,0.3,0,2
2020-08-30 17:00:00,1.6,0,2
2020-08-31 17:00:00,1.9,0,2
2020-09-01 17:00:00,1.9,0,2
2020-09-02 17:00:00,1.8,0,2
2020-09-03 17:00:00,1.7,0,2
2020-09-04 17:00:00,1.5,0,2
2020-09-05 17:00:00,1.4,0,2
2020-09-06 17:00:00,1.3,0,2
2020-09-07 17:00:00,1.2,0,2
2020-09-08 17:00:00,1.1,0,2
2020-09-09 17:00:00,1.1,0,2
2020-09-10 17:00:00,1,0,2
2020-09-11 17:00:00,1,0,2
2020-09-12 17:00:00,0.9,0,2
2020-09-13 17:00:00,0.9,0,2
2020-09-14 17:00:00,0.9,0,2
2020-09-15 17:00:00,0.8,0,2
2020-09-16 17:00:00,0.3,0,2
2020-09-17 17:00:00,0.3,0,2
2020-09-18 17:00:00,0.3,0,2
2020-09-19 17:00:00,0.3,0,2
2020-09-20 17:00:00,0.2,0,2
2020-09-21 17:00:00,0.2,0,2
2020-09-22 17:00:00,0.2,0,2
2020-09-23 17:00:00,0.2,0,2
2020-09-24 17:00:00,0.2,0,2
2020-09-25 17:00:00,1,0,2
2020-09-26 17:00:00,1.3,0,2
2020-09-27 17:00:00,1.2,0,2
2020-09-28 17:00:00,1.1,0,2
2020-09-29 17:00:00,1,0,2
2020-09-30 17:00:00,1,0,2
2020-10-01 17:00:00,0.9,0,2
2020-10-02 17:00:00,1,0,2
2020-10-03 17:00:00,1.7,0,2
2020-10-04 17:00:00,2.8,0,2
2020-10-05 17:00:00,3.1,0,2
2020-10-06 17:00:00,3.1,0,2
2020-10-07 17:00:00,2.9,0,2
2020-10-08 17:00:00,2.7,0,2
2020-10-09 17:00:00,2.4,0,2
2020-10-10 17:00:00,2.1,0,2
2020-10-11 17:00:00,1.9,0,2
2020-10-12 17:00:00,1.8,0,2
2020-10-13 17:00:00,1.6,0,2
2020-10-14 17:00:00,1.5,0,2
2020-10-15 17:00:00,1.4,0,2
2020-10-16 17:00:00,1.4,0,2
2020-10-17 17:00:00,1.3,0,2
2020-10-18 17:00:00,1.3,0,2
2020-10-19 17:00:00,1.2,0,2
2020-10-20 17:00:00,1.2,0,2
2020-10-21 17:00:00,1.1,0,2
2020-10-22 17:00:00,1.1,0,2
2020-10-23 17:00:00,1.1,0,2
2020-10-24 17:00:00,1.2,0,2
2020-10-25 17:00:00,1.2,0,2
2020-10-26 17:00:00,1.2,0,2
2020-10-27 17:00:00,1.5,0,2
2020-10-28 17:00:00,1.5,0,2
2020-10-29 17:00:00,1.5,0,2
2020-10-30 17:00:00,1.4,0,2
2020-10-31 17:00:00,1.4,0,2
2020-11-01 18:00:00,1.3,0,2
2020-11-02 18:00:00,1.2,0,2
2020-11-03 18:00:00,1.2,0,2
2020-11-04 18:00:00,1.2,0,2
2020-11-05 18:00:00,1.1,0,2
2020-11-06 18:00:00,1.1,0,2
2020-11-07 18:00:00,1,0,2
2020-11-08 18:00:00,1,0,2
2020-11-09 18:00:00,1,0,2
2020-11-10 18:00:00,0.9,0,2
2020-11-11 18:00:00,0.9,0,2
2020-11-12 18:00:00,0.9,0,2
2020-11-13 18:00:00,0.8,0,2
2020-11-14 18:00:00,0.8,0,2
2020-11-15 18:00:00,0.8,0,2
2020-11-16 18:00:00,0.3,0,2
2020-11-17 18:00:00,0.2,0,2
2020-11-18 18:00:00,0.2,0,2
2020-11-19 18:00:00,0.2,0,2
2020-11-20 18:00:00,0.2,0,2
2020-11-21 18:00:00,0.2,0,2
2020-11-22 18:00:00,0.2,0,2
2020-11-23 18:00:00,0.2,0,2
2020-11-24 18:00:00,0.2,0,2
2020-11-25 18:00:00,0.2,0,2
2020-11-26 18:00:00,0.1,0,2
2020-11-27 18:00:00,0.1,0,2
2020-11-28 18:00:00,0.1,0,2
2020-11-29 18:00:00,0.1,0,2
2020-11-30 18:00:00,0.1,0,2
2020-12-01 18:00:00,0.1,0,2
2020-12-02 18:00:00,0.2,0,2
2020-12-03 18:00:00,0.2,0,2
2020-12-04 18:00:00,0.1,0,2
2020-12-05 18:00:00,0.1,0,2
2020-12-06 18:00:00,0.1,0,2
2020-12-07 18:00:00,0.2,0,2
2020-12-08 18:00:00,0.2,0,2
2020-12-09 18:00:00,0.2,0,2
2020-12-10 18:00:00,0.2,0,2
2020-12-11 18:00:00,0.2,0,2
2020-12-12 18:00:00,0.2,0,2
2020-12-13 18:00:00,0.2,0,2
2020-12-14 18:00:00,0.1,0,2
2020-12-15 18:00:00,0.1,0,2
2020-12-16 18:00:00,0.1,0,2
2020-12-17 18:00:00,0.1,0,2
2020-12-18 18:00:00,0.1,0,2
2020-12-19 18:00:00,0.1,0,2
2020-12-20 18:00:00,0.1,0,2
2020-12-21 18:00:00,0.1,0,2
2020-12-22 18:00:00,0.1,0,2
2020-12-23 18:00:00,0.1,0,2
2020-12-24 18:00:00,0.1,0,2
2020-12-25 18:00:00,0.1,0,2
2020-12-26 18:00:00,0.1,0,2
2020-12-27 18:00:00,0.1,0,2
2020-12-28 18:00:00,0.1,0,2
2020-12-29 18:00:00,0.1,0,2
2020-12-30 18:00:00,0.1,0,2
2020-12-31 18:00:00,0.1,0,2
